id,timestamp,category,x1,x2,x3,y
1,2024-01-01 00:00:00,A,-1.254598811526375,0.6835119515543189,0.17517845559778916,-3.9994790215119944
2,2024-01-01 01:00:00,A,4.507143064099161,3.7523416784317725,0.2022088913599509,4.457959223324194
3,2024-01-01 02:00:00,B,2.3199394181140507,1.9008476763721005,0.7691980363788655,3.9776999673281495
4,2024-01-01 03:00:00,A,0.986584841970366,-1.1538073113248062,1.1543328354359643,5.084034930007112
5,2024-01-01 04:00:00,C,-3.439813595575635,-1.796829342696716,1.2278867700250227,-4.698232574250828
6,2024-01-01 05:00:00,B,-3.4400547966379733,0.9838383430130114,1.2159268897025404,-8.301337762543222
7,2024-01-01 06:00:00,A,-4.419163878318005,-2.6404664140412843,1.3894581524202798,-2.4433171467527246
8,2024-01-01 07:00:00,C,3.6617614577493516,3.6629175317087075,1.3609807106267675,2.7488085007942398
9,2024-01-01 08:00:00,A,1.0111501174320878,2.358880241442574,1.3197207580220327,-0.3806699859398936
10,2024-01-01 09:00:00,A,2.0807257779604544,-0.9383513042094096,0.9727677591046489,7.106017135682352
11,2024-01-01 10:00:00,A,-4.7941550570419755,-3.426269058181755,0.6047560323050803,-3.268778838886931
12,2024-01-01 11:00:00,A,4.699098521619943,2.7077447483308257,0.6024408263963378,6.097332394246178
13,2024-01-01 12:00:00,A,3.324426408004218,-0.22907969050523577,0.8681917902100307,7.478357412713848
14,2024-01-01 13:00:00,A,-2.8766088932172384,2.4756326239469235,0.2625353374085602,-9.569306898160372
15,2024-01-01 14:00:00,A,-3.181750327928994,-3.188855317588734,0.6729157943886698,-0.18398621867260745
16,2024-01-01 15:00:00,A,-3.165954901465662,-1.1987500459075457,0.5425909870090401,-3.5461424133949806
17,2024-01-01 16:00:00,B,-1.9575775704046228,0.010487399436366332,0.7932456299778528,-3.5535897365993026
18,2024-01-01 17:00:00,C,0.24756431632237863,0.09396118752948411,1.2945941392477356,2.4719744757418605
19,2024-01-01 18:00:00,A,-0.6805498135788426,-0.9001309429584873,1.07175841487633,0.717469404051326
20,2024-01-01 19:00:00,A,-2.0877085980195806,1.2456998646949975,1.084773970096302,-6.027809991339009
21,2024-01-01 20:00:00,A,1.118528947223795,-2.1352408587651888,0.6535547488697725,5.2037922827878464
22,2024-01-01 21:00:00,A,-3.6050613934795814,-0.284758970042587,1.1994412086211734,-6.80217220130811
23,2024-01-01 22:00:00,B,-2.0785535146478185,0.24059126342379772,1.00542575149435,-3.986063339839541
24,2024-01-01 23:00:00,B,-1.336381567063083,1.028877668117498,1.2279408146869282,-2.0000027062166774
25,2024-01-02 00:00:00,A,-0.43930015782964027,1.4232297561777796,0.2026044275008696,-3.656456588955763
26,2024-01-02 01:00:00,A,2.8517596139301364,-2.2492841836757385,0.05000625920267703,9.305926271754124
27,2024-01-02 02:00:00,A,-3.003262178416403,-3.0682283414712446,-0.2501692723127156,-2.261006608103524
28,2024-01-02 03:00:00,B,0.14234438413611628,2.555353643797018,-0.13167062378007832,-3.9139872377187954
29,2024-01-02 04:00:00,A,0.9241456886204249,0.6646280239591833,-0.8600755090599945,-1.3467522779311731
30,2024-01-02 05:00:00,C,-4.5354958728000225,-1.4969730731131072,-0.9040154632911255,-7.769282735719822
31,2024-01-02 06:00:00,B,1.0754485190143832,3.102303951045046,-0.8834160571099712,-3.4029971140317414
32,2024-01-02 07:00:00,A,-3.294758763127085,0.23134926858571733,-1.0119216594663978,-7.205790812670169
33,2024-01-02 08:00:00,B,-4.349484070147205,2.358594368127653,-1.1397697738386714,-12.925394598301457
34,2024-01-02 09:00:00,C,4.488855372533333,0.1350369628202179,-0.8408057494398591,6.904118576332406
35,2024-01-02 10:00:00,B,4.656320330745594,4.121495849763974,-0.44960750513031794,3.8549091267845146
36,2024-01-02 11:00:00,A,3.0839734811646107,3.510681684886409,-0.9572130691896994,0.34645701986984384
37,2024-01-02 12:00:00,A,-1.9538623082662934,-0.497928296958147,-0.5147611655600333,-3.374247586365906
38,2024-01-02 13:00:00,C,-4.023278859936161,1.9431419019087108,-0.7150343373559421,-11.54248039600528
39,2024-01-02 14:00:00,B,1.8423302651215687,1.290751899170295,-0.15061430275723559,1.1102837920596864
40,2024-01-02 15:00:00,B,-0.5984750626039865,2.7372631150646973,-1.0232676216109173,-5.903656555345027
41,2024-01-02 16:00:00,C,-3.7796176515522117,-1.929846921160209,-0.8340359046608887,-4.856105209164239
42,2024-01-02 17:00:00,C,-0.048230898887298146,1.3721029199968786,-0.6779324797568982,-4.443857852920988
43,2024-01-02 18:00:00,C,-4.656114788847816,2.1168489736991756,-0.4473288910715569,-13.384126988447736
44,2024-01-02 19:00:00,A,4.093204020787821,-3.5174789728462286,-1.0382719648125647,12.377061958591344
45,2024-01-02 20:00:00,B,-2.412200183999831,-2.36651702533155,-1.2386240824093935,-2.009353490235573
46,2024-01-02 21:00:00,B,1.6252228435398202,-4.078464355520201,-0.49473780091881314,10.165662985552018
47,2024-01-02 22:00:00,B,-1.8828892391058902,-0.5388136688891155,-1.4035956126299394,-4.852175279578841
48,2024-01-02 23:00:00,B,0.20068021177810813,1.4350845115919246,-1.4613065324037366,-3.4182734165725024
49,2024-01-03 00:00:00,A,0.4671027934327965,3.004714104192056,-0.43379342002457033,-4.4324344160886975
50,2024-01-03 01:00:00,B,-3.1514554447447294,0.14818956083955037,-0.4304281733631512,-7.671065359543847
51,2024-01-03 02:00:00,B,4.695846277645586,3.2572310911425837,-0.2748957850383726,3.938742795434336
52,2024-01-03 03:00:00,A,2.7513282336111455,-2.7602029164297828,0.5524050418707136,10.855687095351508
53,2024-01-03 04:00:00,A,4.394989415641891,,0.6908170016970803,13.398944255342565
54,2024-01-03 05:00:00,A,3.9482735042764876,-0.11109539779323756,0.6718505419886156,9.028484933986629
55,2024-01-03 06:00:00,A,0.9789997881108512,0.7681308978786145,0.6094128475090204,-0.4085687226073387
56,2024-01-03 07:00:00,A,4.218742350231167,-0.06538949618818622,1.3293706606268125,9.037727476803859
57,2024-01-03 08:00:00,A,-4.115074979480805,-4.134884200079753,1.261251313892628,-1.3483119079458632
58,2024-01-03 09:00:00,B,ошибка,-0.17824007902557681,0.9716217207611018,-3.3608255835557843
59,2024-01-03 10:00:00,B,-4.54772711089462,-2.6089390010097064,1.4469319547282171,-4.299302461244794
60,2024-01-03 11:00:00,B,-1.7466966923673564,1.339345097660077,0.4442266087835435,-7.348273217648911
61,2024-01-03 12:00:00,C,-1.1132271031051797,0.7331964921936965,0.18603876384671686,-5.176306840284781
62,2024-01-03 13:00:00,A,-2.286509682261041,-1.8797595726547105,0.3434191317277625,-1.4446151138111254
63,2024-01-03 14:00:00,A,3.2873750915192943,-1.027733834673387,0.49021776739410516,9.122296004753862
64,2024-01-03 15:00:00,C,-1.432466733064107,-2.118427043777903,0.583777015652976,1.1551845696882745
65,2024-01-03 16:00:00,A,-2.1906549031261924,-0.12535819454634375,0.4980473352322795,-3.6272645404460553
66,2024-01-03 17:00:00,C,0.4269608315824849,1.9102846410024765,0.7778055475429233,-0.22700126279873922
67,2024-01-03 18:00:00,C,-3.5907577502523735,-1.9714520926710875,0.4221113708282687,-4.426239485572633
68,2024-01-03 19:00:00,B,3.0219698075403976,1.0080930310356888,1.3559818034371014,6.511496067303768
69,2024-01-03 20:00:00,C,-4.254493563202292,-1.0605152367448816,0.9978985027343088,-7.751910354126232
70,2024-01-03 21:00:00,A,4.868869366005173,-1.5857456645246883,1.4083062496170835,12.338054395552978
71,2024-01-03 22:00:00,A,2.7224476929665737,-0.21406071990911565,1.1592815171092392,4.886370284552397
72,2024-01-03 23:00:00,B,-3.012843184658276,-2.070484644838748,1.0996475087068514,-2.3150866957627407
73,2024-01-04 00:00:00,A,-4.944778828763976,-1.107298610694364,0.9623064362103125,-7.505025809784497
74,2024-01-04 01:00:00,C,3.154614284548341,-2.395755785177697,0.6868169860949169,10.56641732796568
75,2024-01-04 02:00:00,A,2.0685734384761716,,0.45743878376037067,-1.3291941419013926
76,2024-01-04 03:00:00,B,2.2900716804098735,0.07052710394345722,0.35154371290736564,3.8280343444187253
77,2024-01-04 04:00:00,B,2.712703466859457,-1.3994510159851712,-0.2957780164414282,7.097720200130313
78,2024-01-04 05:00:00,B,-4.259553482659096,0.427959821468444,-0.4176083726131926,-10.99258006421716
79,2024-01-04 06:00:00,A,-1.4153427145572737,-0.22465609938165965,-0.8774027436718129,-1.8323944998472577
80,2024-01-04 07:00:00,A,-3.841309404748703,-0.44193919906644596,-0.56705336586164,-7.776978776485049
81,2024-01-04 08:00:00,C,3.6310342587559354,1.2283334000868504,-1.2722086703396145,3.9129153620662116
82,2024-01-04 09:00:00,A,1.2329812682755792,1.5150154200946102,-0.5240353593366657,1.3631514473839932
83,2024-01-04 10:00:00,C,-1.6910197514735081,-1.061002295221055,-1.0088466379471004,-3.839859904022344
84,2024-01-04 11:00:00,B,-4.364416497139763,-1.15163648128936,-1.3160331405442247,-9.179791898812836
85,2024-01-04 12:00:00,B,-1.890176782843378,-0.550103394303288,-0.7203916219632415,-4.627732096670982
86,2024-01-04 13:00:00,B,-1.7481667797325295,-4.60384232947117,-0.8425230391868573,2.667540121692727
87,2024-01-04 14:00:00,A,2.2960617833806403,-3.0303821243971045,-0.29525376630431094,9.333125369951086
88,2024-01-04 15:00:00,B,1.3755747135521315,2.7337485348890493,-0.6987132268361319,-1.168768488580383
89,2024-01-04 16:00:00,C,3.8721274257632654,3.2899354270025674,-0.6464109987794624,4.864218229494079
90,2024-01-04 17:00:00,A,-0.27785074838050683,-0.49807207911275664,-1.1414939638742512,-2.9712210033920434
91,2024-01-04 18:00:00,C,-3.804057540616983,1.1531139261115328,-0.8137705393454826,-9.380066812753235
92,2024-01-04 19:00:00,A,2.1324478722299496,0.6225003090870722,-1.5312142637425206,1.5490432972630428
93,2024-01-04 20:00:00,A,2.6078504861689744,6.157761616910475,-1.4038252092968788,-5.73041676935404
94,2024-01-04 21:00:00,A,0.6127719756949626,2.2391498228691535,-0.7982924872552589,-3.3915869009718898
95,2024-01-04 22:00:00,C,2.7096717995456103,-0.25583518296153307,-0.8382609350203138,4.223717954709296
96,2024-01-04 23:00:00,A,-0.06204403635609257,-1.9110808812008515,-0.9260106000800312,3.6862496036285193
97,2024-01-05 00:00:00,C,0.2273282938199408,-3.212892640515145,-1.245948863400427,5.11953378470616
98,2024-01-05 01:00:00,C,-0.7245898164145039,0.4069272717344462,-0.7952302273784035,-2.6725587437760248
99,2024-01-05 02:00:00,A,-4.745808732559048,-1.5127014905686067,-0.5401679496689001,-6.303683836513307
100,2024-01-05 03:00:00,A,-3.9210857300669555,-2.8445074191953483,-0.5968808883590231,-5.565444007326983
101,2024-01-05 04:00:00,B,-4.685708143132658,-1.2931457684850531,0.51393867326319,-8.35125182625811
102,2024-01-05 05:00:00,A,1.3641041126378042,-2.16309600722879,0.6326985275025543,4.301043325926149
103,2024-01-05 06:00:00,B,-1.856440189236733,3.3742832701451295,0.5765129114338599,-9.01250949466736
104,2024-01-05 07:00:00,A,0.08570691164702815,1.763279513898901,0.8677748013032053,-1.617587079806978
105,2024-01-05 08:00:00,A,4.0756647392609295,-0.015945282633234744,1.0669895945164445,9.131697656017202
106,2024-01-05 09:00:00,B,-2.5070777085112503,2.9598882777800517,0.45823810581560975,-8.93805543798021
107,2024-01-05 10:00:00,A,-0.8961707696437031,0.1547366152952366,0.9881328675190627,-2.6449969992810933
108,2024-01-05 11:00:00,A,2.5555113854304867,-1.7225684026565273,0.787521611094947,9.128047406335746
109,2024-01-05 12:00:00,A,-2.7120183450837754,3.0462481545393145,0.580129236250104,-9.289678014737442
110,2024-01-05 13:00:00,A,-4.23020090171207,1.0778200873693173,0.6680827761952057,-8.809611432055954
111,2024-01-05 14:00:00,B,-2.1024854708623195,-2.074492308652913,1.1721006579625313,-2.0483141299652963
112,2024-01-05 15:00:00,C,-3.387787127459956,-0.3806773561672164,0.7362723632948819,-5.304049471235391
113,2024-01-05 16:00:00,A,4.29697652342573,-1.7512365067695144,0.3307422112633174,10.29763633609886
114,2024-01-05 17:00:00,B,3.0812037956441696,-2.765599461928672,0.6862446912703454,10.462479284646262
115,2024-01-05 18:00:00,B,1.3340375651042349,1.8523550950632828,0.9987570423080658,1.2229130200963816
116,2024-01-05 19:00:00,A,3.714605901877178,3.818833280940261,0.9614158454955407,2.5611881649963104
117,2024-01-05 20:00:00,A,3.0367207689911453,-2.7971351476382824,0.8284137601651798,10.08033528779254
118,2024-01-05 21:00:00,C,-3.134299411139642,1.1259384733811417,0.7403077137741191,-7.358987205147282
119,2024-01-05 22:00:00,B,3.925589984899778,-1.3012851382436539,1.2396302791254215,9.263276585221732
120,2024-01-05 23:00:00,B,0.393422419156507,-0.9742507675293921,1.1927584893269396,4.352695176966949
121,2024-01-06 00:00:00,B,3.0744015516406247,-1.1847878484777383,1.3191941195014287,8.776056152102749
122,2024-01-06 01:00:00,A,3.9609129992349317,-1.727981539359632,1.1394470597200743,12.543905899540697
123,2024-01-06 02:00:00,B,-1.8199652502813612,0.09704325588965398,1.0851541249771646,-3.443903771511515
124,2024-01-06 03:00:00,B,-3.8994807547232324,-1.6619002328220756,0.3649783435213952,-5.537704473802819
125,2024-01-06 04:00:00,B,-2.720648374580583,0.5409136515596776,0.6292821577849717,-6.5134282869105515
126,2024-01-06 05:00:00,A,-0.7289221137374371,-0.1004762188982739,-0.01934197766998265,-0.4464295495703742
127,2024-01-06 06:00:00,A,3.1801476592249305,-0.4778960937328195,0.2384170242769475,6.5584419211421725
128,2024-01-06 07:00:00,A,3.6073058325634335,-1.8151273240831958,-0.8619085895704233,9.892371212010497
129,2024-01-06 08:00:00,C,-4.930478694688093,-1.1535426611366655,-0.34796458032247324,-8.791467459598456
130,2024-01-06 09:00:00,A,0.10747302577565776,1.510782451651512,-0.9502894023385533,-4.7874224476884155
131,2024-01-06 10:00:00,A,-0.8258899685122101,1.0018343752487615,-1.267462686832651,-4.73881571715015
132,2024-01-06 11:00:00,A,-2.7789218952926973,-1.955110489597102,-1.205264637214939,-4.768497980324541
133,2024-01-06 12:00:00,A,-3.8013463266631717,0.19866461085845175,-1.0834344763906145,-8.733534427044173
134,2024-01-06 13:00:00,B,-1.6238482859637204,1.502774246743578,-0.7471381951940298,-7.2899762338725225
135,2024-01-06 14:00:00,B,4.4290970391251925,-3.3388105622427435,-0.5891742375879008,14.321045632258796
136,2024-01-06 15:00:00,B,-1.7679706797924477,1.08672038475987,-0.7995702911564648,-5.896754030002899
137,2024-01-06 16:00:00,A,0.1879062174336612,-1.3252475178916934,-0.5480175000252097,1.747673716925956
138,2024-01-06 17:00:00,B,2.030189588951778,1.1411973371863187,0.1412775383107826,3.117497340560287
139,2024-01-06 18:00:00,A,-1.3637039762070602,-1.5265183130850337,0.0017469644787504457,0.527674022872293
140,2024-01-06 19:00:00,A,4.717820827209607,-3.609764201329038,-0.45247508729223285,14.468209134809333
141,2024-01-06 20:00:00,A,4.624472949421111,-3.2550848757663253,-0.678626389155641,12.817471801617907
142,2024-01-06 21:00:00,A,-2.4821770417463584,0.09616989332276399,-0.7809831441371987,-7.507365054898751
143,2024-01-06 22:00:00,A,-0.02751494107614505,0.5194450034429637,-0.7559970256812607,-2.1250447648969244
144,2024-01-06 23:00:00,B,-1.9912169018323036,-1.8086332502088172,-1.3406181793280205,-2.9591907184617594
145,2024-01-07 00:00:00,B,-2.151595056225324,1.2771849175547478,-1.1524643893224071,-7.033881547248399
146,2024-01-07 01:00:00,C,-4.6311305264546725,-3.3230401245379197,-1.548003418133002,-5.861250481746894
147,2024-01-07 02:00:00,A,1.0956433397989684,-0.13215959729463314,-0.8219738104143636,2.4198799992598237
148,2024-01-07 03:00:00,A,0.0267902322886151,-2.4220323995249133,-0.5653338555186425,2.6213787081789963
149,2024-01-07 04:00:00,A,-4.485212487500107,-1.3036722156043183,-0.656848396673123,-7.597436535785176
150,2024-01-07 05:00:00,C,-2.2135353576338854,0.09479734263282803,0.2534932299789185,-3.182484702036989
151,2024-01-07 06:00:00,B,4.082658859666537,-1.7208267305679048,-0.27342322971774186,10.869644445365704
152,2024-01-07 07:00:00,B,-2.604381093330276,-0.7691110884596507,-0.04056716617321482,-4.147586828598212
153,2024-01-07 08:00:00,A,-3.551051279087769,2.012585618428881,0.7346928000640436,-10.135171187702804
154,2024-01-07 09:00:00,B,-0.10547239722436963,-1.1537837390462975,1.1917441486929028,1.8398947363600517
155,2024-01-07 10:00:00,A,4.856504541106007,1.6713842241302836,1.5198303634389148,7.571183783815774
156,2024-01-07 11:00:00,B,-2.5794472848849956,-2.259413709315236,0.9354629825389822,-1.5624104855488508
157,2024-01-07 12:00:00,C,1.721355474058786,1.0596083558305656,1.3813623474350756,3.7140541310640987
158,2024-01-07 13:00:00,C,2.6161961532871754,2.8831372413158007,0.9708898403198917,1.4625100455642943
159,2024-01-07 14:00:00,B,-2.6236245600760033,-4.943289000254579,0.8163338790379938,1.4709784140790252
160,2024-01-07 15:00:00,A,2.2821634861185958,-1.5937905109409536,1.0047600605398253,9.526990080140266
161,2024-01-07 16:00:00,C,-1.322168672807468,1.15414425436108,0.8179036365966201,-3.401265626734096
162,2024-01-07 17:00:00,B,1.3230583059357945,-0.4060907720859854,0.06460552927913848,1.8999937929107085
163,2024-01-07 18:00:00,A,1.3352971076089473,0.7422917467426177,0.9438114309891359,1.8703568126544532
164,2024-01-07 19:00:00,A,0.357746840747585,-1.2079703734316412,0.9327208459839074,3.3845123012581757
165,2024-01-07 20:00:00,A,-4.097102299455917,0.17317957494579983,0.400226251050155,-6.429200867193034
166,2024-01-07 21:00:00,A,3.35302495589238,-0.31135447078415895,0.814821961109089,6.7168267285894006
167,2024-01-07 22:00:00,A,-1.7921993502826417,2.3355641233196147,0.9716599853237835,-5.334376177929731
168,2024-01-07 23:00:00,B,-3.1348148960014575,0.5088416866024262,1.0238443588401276,-4.8143304078621085
169,2024-01-08 00:00:00,A,-4.592248584452361,0.6752053241504044,0.872174099488292,-10.128220180614266
170,2024-01-08 01:00:00,A,0.9089294318824184,-0.8237539322449348,0.8741279436269733,3.475278498173584
171,2024-01-08 02:00:00,B,1.7756436184228246,-0.9752124481449871,1.0363572658159077,4.8068824743420855
172,2024-01-08 03:00:00,C,-4.834121710721439,-0.8651163756392418,1.2862111817386408,-7.545061053673407
173,2024-01-08 04:00:00,B,0.12093058299281001,0.7889042847565937,0.9116118191755078,-0.2487957801517952
174,2024-01-08 05:00:00,A,-2.7350422480206205,-0.8419689616405259,0.3869364634531268,-3.2379318847355805
175,2024-01-08 06:00:00,C,1.4517279040944988,0.5795497137928258,0.4348011691972916,3.472155643878039
176,2024-01-08 07:00:00,C,-3.2563357099500854,4.150801597290878,-0.9645321993035029,-14.258595639900937
177,2024-01-08 08:00:00,A,1.90937738102466,1.7422494068633847,-0.06860907953588008,-0.8168316761004557
178,2024-01-08 09:00:00,A,-1.132646536994626,-0.6520470643356823,-1.2013288894339071,-2.269530368309096
179,2024-01-08 10:00:00,B,4.367299887367345,2.4024278443278897,-0.9950228100006332,4.628477290210989
180,2024-01-08 11:00:00,C,-3.6247905585400675,-0.8161507460431028,-1.3553439105500587,-6.860212438770486
181,2024-01-08 12:00:00,C,-1.589336489497415,-4.076249070355708,-1.4624371187306204,1.4390776840451915
182,2024-01-08 13:00:00,C,-3.8652647875941093,-2.016172621834808,-0.7070179171976603,-5.1471328765302
183,2024-01-08 14:00:00,B,4.246936182785628,-3.7415838420517114,-1.1177664968948051,14.727479739485227
184,2024-01-08 15:00:00,B,3.7733935338098092,-0.7030269680826173,-0.7578695867956452,8.376766019269539
185,2024-01-08 16:00:00,A,-2.420583722848444,0.0368367583791034,-0.7474036761285814,-5.867713949171493
186,2024-01-08 17:00:00,A,1.59984046034179,3.3528746245505654,-0.4739243210260501,-2.708968290059104
187,2024-01-08 18:00:00,A,3.172222002012159,0.6538547475283253,-0.5114105373751208,4.784681095154003
188,2024-01-08 19:00:00,B,0.5520081159946235,-0.4382010576177285,-0.8853310938278829,2.689792905184173
189,2024-01-08 20:00:00,B,0.29650578356006463,1.6588111623669783,-0.22212119310056028,-2.2562028404369836
190,2024-01-08 21:00:00,B,-2.581477090995483,-4.42227061801577,-0.7406439442135173,0.8581422451411677
191,2024-01-08 22:00:00,A,-4.068972321941008,0.47122911621713187,-1.16915786691041,-10.262428182672345
192,2024-01-08 23:00:00,B,3.972157579533267,1.5417303877739337,-0.9583311363482432,5.964038025769003
193,2024-01-09 00:00:00,A,4.004180571633304,-2.957172491559683,-0.5009271162541129,14.003215442347518
194,2024-01-09 01:00:00,A,1.3310145727326796,2.287508086413858,-0.7855498950477235,-0.9470598507622185
195,2024-01-09 02:00:00,B,-1.609702089512993,0.6769928149888282,-1.180397454140198,-5.096438461035961
196,2024-01-09 03:00:00,B,-1.507904253873391,-0.8305758278016026,-1.1451988924614735,-2.6493210468393227
197,2024-01-09 04:00:00,C,2.259556788702394,1.2655637322125697,-1.0233420558124813,-0.5822124543497971
198,2024-01-09 05:00:00,A,3.9711025995257714,4.541385715608792,-0.11438334726962018,1.7837708121074765
199,2024-01-09 06:00:00,A,3.870864242651173,0.3637325101169903,-0.369656147203842,7.0345712183596305
200,2024-01-09 07:00:00,A,2.798755458576238,0.49644117260067216,-0.05882122334948395,5.2341342302326055
201,2024-01-09 08:00:00,A,1.4203164615428774,-0.9187217990804882,0.4346921344015852,3.8550071351440502
202,2024-01-09 09:00:00,C,-4.158600350049512,-1.6996887389295836,0.49927525893189806,-5.752704263536221
203,2024-01-09 10:00:00,B,-3.3837128590538623,1.6606716330884912,0.6136097145012425,-9.178570332642641
204,2024-01-09 11:00:00,C,3.985541885270793,-1.7121676518177344,0.8358751045649636,12.229658315993197
205,2024-01-09 12:00:00,A,1.0642905965958995,0.14313247443878493,1.0025549165359375,2.3371665781592785
206,2024-01-09 13:00:00,C,-4.908029483833704,-0.9553148935302334,1.0635851001284677,-5.449558225159485
207,2024-01-09 14:00:00,A,-3.9852845713396787,0.9579596514927837,1.2709136030556998,-7.959915318458936
208,2024-01-09 15:00:00,C,1.6350176910805576,0.6673242105738966,0.9879583000490781,1.7837330463438015
209,2024-01-09 16:00:00,A,-4.949384161537813,2.0750798885157984,1.075279293302035,-12.279711014459652
210,2024-01-09 17:00:00,A,-3.3919194858250137,-1.020032797709494,0.7028092103504401,-5.3432175289618495
211,2024-01-09 18:00:00,B,0.48733789366586144,-0.5397498705867425,0.6355426136038409,0.09835221427488516
212,2024-01-09 19:00:00,C,1.918951976926932,-1.9575274315646147,-0.06794591626637914,8.319309308301472
213,2024-01-09 20:00:00,A,1.5196125950260058,-0.8885865201522232,0.7750543592455813,5.695290999896815
214,2024-01-09 21:00:00,A,-2.757306905394402,0.7546009860897044,0.6273848904150133,-5.611400059692038
215,2024-01-09 22:00:00,C,2.1217922134753584,1.5139772332907038,0.8966388348804,2.8553333052186853
216,2024-01-09 23:00:00,A,-2.6275091250319993,-1.8443306483552508,-0.16054487010759178,-3.998975742309633
217,2024-01-10 00:00:00,A,-1.7460030184073227,1.7392118402113204,1.4628386998580547,-5.41416997680062
218,2024-01-10 01:00:00,A,2.4649140511802416,2.711275717609902,0.914710890832889,2.436464013395954
219,2024-01-10 02:00:00,A,1.496328990472147,0.8268698064474017,1.376285034559083,1.8021612691379552
220,2024-01-10 03:00:00,C,3.4922341049417795,3.753591625116132,0.7638386465791085,-0.5666176267781657
221,2024-01-10 04:00:00,B,1.5761289230034334,-1.547578398207146,1.2204542672871208,6.222882849366356
222,2024-01-10 05:00:00,B,0.6830860333547157,-2.489309406622834,0.6030941697925898,5.440853958450216
223,2024-01-10 06:00:00,C,-4.063252321719075,-3.557440497808557,0.5389919377844996,-2.2235869300830045
224,2024-01-10 07:00:00,A,-1.3228419694056646,2.992088622978366,1.0444529215852678,-5.569735892496127
225,2024-01-10 08:00:00,A,-2.3479763231827455,1.3087313127081155,0.11512808731327343,-5.929341333345837
226,2024-01-10 09:00:00,A,-2.5601035662091642,-0.11116934182091014,-0.07598607823814785,-4.75547217703356
227,2024-01-10 10:00:00,A,4.730105547524456,0.5599372526396406,-0.18092097317597422,9.67109982563538
228,2024-01-10 11:00:00,A,-1.069022753332396,-2.250978094596753,-0.5543731554429112,-0.7240466699373063
229,2024-01-10 12:00:00,C,3.9204655517711338,4.891503959233653,-0.8579563718305159,0.321891881704766
230,2024-01-10 13:00:00,B,1.311386259972629,,-0.9189408746326023,2.126494637650436
231,2024-01-10 14:00:00,A,2.948113035416484,0.21878958920978578,-0.3542621707852184,4.0450696643098745
232,2024-01-10 15:00:00,B,0.0263709310519209,1.451533247797384,-1.067122425289457,-4.4811265585061895
233,2024-01-10 16:00:00,B,0.7690388462635909,0.9620184634734265,-0.9068708689289218,-1.3763888243016966
234,2024-01-10 17:00:00,C,-0.07482306181136078,0.44776804855826274,-0.5339285513870886,-1.9099824800850784
235,2024-01-10 18:00:00,C,-3.047570122019555,-1.5809489108906238,-0.389097353274139,-3.2815752968200544
236,2024-01-10 19:00:00,B,2.2245211526150532,0.9429367142719914,-0.2508464788367745,2.2194212670616045
237,2024-01-10 20:00:00,B,-2.192276375591442,3.7640489929500673,-0.3370769883455613,-11.156636349565638
238,2024-01-10 21:00:00,B,-4.756840335685462,2.6908400923099554,-0.8429188147602859,-14.835909598338644
239,2024-01-10 22:00:00,B,1.4547229590716784,3.186373253278794,-0.035974211071821416,-0.7802609964780793
240,2024-01-10 23:00:00,A,-3.2288932059295106,-1.0224313528623703,-0.9459530210278813,-5.667858425010818
241,2024-01-11 00:00:00,A,4.4045858435291425,-1.9792096405171618,-0.6237326934803262,11.099748967692856
242,2024-01-11 01:00:00,B,4.539285770025874,-0.2515738401992963,-1.069019550544575,8.490711161213982
243,2024-01-11 02:00:00,A,4.148643902204485,0.11144982457738921,-0.9811788175996982,8.63723034778965
244,2024-01-11 03:00:00,A,-1.2984129974455563,2.188383036941897,-0.9482757413563281,-7.387192869992263
245,2024-01-11 04:00:00,B,-4.845433834711326,-3.3849292594296387,-0.9792320947023738,-4.0813511650999885
246,2024-01-11 05:00:00,A,4.283185625877254,3.0591006389212274,-0.9060484858921036,3.463377803580487
247,2024-01-11 06:00:00,B,-0.7181585168268567,-0.31601579715797884,-0.42708195112792297,-1.4643782807944312
248,2024-01-11 07:00:00,B,4.666548190436696,-0.8537621398948401,-0.5786182666719595,12.651745475312367
249,2024-01-11 08:00:00,C,4.636199770892528,-2.024208750520335,-0.5293909858508208,10.829560389086305
250,2024-01-11 09:00:00,A,3.5300945546736013,-3.3097133437315387,0.13243378593933036,11.77702039412897
251,2024-01-11 10:00:00,A,-2.055511079304143,1.6463411679238291,0.5136335112245629,-7.40205834067838
252,2024-01-11 11:00:00,B,-1.1490227139807474,0.14663593437680777,0.08786165072252294,-1.4952480384125189
253,2024-01-11 12:00:00,C,3.5113667151685686,-2.5799217994821078,0.8938985780811138,13.296923925676868
254,2024-01-11 13:00:00,C,-1.8307799484372236,-2.590157544127232,1.1215471545387867,2.7908369243520696
255,2024-01-11 14:00:00,A,-3.305072533139075,-0.6715693985802564,0.9433556611546919,-3.6241576863380067
256,2024-01-11 15:00:00,A,0.5680126245835018,3.338043050578786,1.4883513033309406,-2.8779787518323885
257,2024-01-11 16:00:00,C,4.36154774160781,-0.5191827027272096,1.001887788337612,9.938138790486676
258,2024-01-11 17:00:00,A,1.9602979667497298,-3.0062859062362124,0.9996102496632719,7.558543220090331
259,2024-01-11 18:00:00,B,0.7006117008936492,-0.49148612817188864,0.7908152482536094,4.806978327829812
260,2024-01-11 19:00:00,A,-4.028235062292315,-0.545447139495341,0.7191970473264725,-6.193963699331973
261,2024-01-11 20:00:00,A,1.1500722669916978,-5.393773285883143,0.2731668770537163,10.117381059581602
262,2024-01-11 21:00:00,A,4.900538501042632,-0.10858973303562441,0.09398840598386543,11.36720921541276
263,2024-01-11 22:00:00,A,-3.59915984763476,-0.4618690604173559,0.9783688599086324,-6.695585533476581
264,2024-01-11 23:00:00,B,0.1832965236373676,1.3924127296268367,0.2746076504588199,-1.09571789257579
265,2024-01-12 00:00:00,C,3.7737307192795537,3.6979121898906904,0.30953786566799457,2.075594311966633
266,2024-01-12 01:00:00,A,2.407686177542044,2.253130059095515,0.07473809908041096,2.134144885585446
267,2024-01-12 02:00:00,C,1.9701574099526802,-0.5377773811096611,0.6574363458825244,5.20935642908975
268,2024-01-12 03:00:00,A,2.024840839871093,-2.2130518174833407,0.5702736449211652,6.3745504307929055
269,2024-01-12 04:00:00,B,-1.4050884878024483,5.146719606499721,1.5424413342202887,-9.220726945308208
270,2024-01-12 05:00:00,A,-2.0640815573550664,0.11843686802897652,1.3782319731594919,-2.154368696350642
271,2024-01-12 06:00:00,C,3.093611554785136,0.027858583825892406,0.8219840718191523,6.773806085432771
272,2024-01-12 07:00:00,B,3.1011339467918084,-0.048250174220006554,1.5788127849768796,8.312808504484217
273,2024-01-12 08:00:00,B,3.6707231858010374,0.3961695215357099,0.9976073679321722,6.499748497970194
274,2024-01-12 09:00:00,C,4.132405525564714,-0.28872082384788494,0.34449187733000974,8.947224995495409
275,2024-01-12 10:00:00,B,0.11342398860937841,-1.1473240137604725,-0.6086057742700117,0.8364389233548788
276,2024-01-12 11:00:00,C,0.015162946871996041,-1.0937178824807843,0.5149499642349511,2.8298435289578396
277,2024-01-12 12:00:00,B,2.9829517896677515,-0.06550654043199677,-0.8871152554542994,5.385962747882055
278,2024-01-12 13:00:00,C,1.4996393077776515,-1.08684954226753,-1.2197422500803041,4.343832805228968
279,2024-01-12 14:00:00,B,2.0196687725770337,-1.4256915653543287,-0.6123477091417933,6.775707152029992
280,2024-01-12 15:00:00,A,2.95792669436101,0.21286045538379367,-0.30469637386656645,6.044424181674465
281,2024-01-12 16:00:00,B,3.9000534181756628,-0.5099544348417105,-0.6605285791636157,8.309734059576645
282,2024-01-12 17:00:00,A,-1.620048431484642,3.007985977165377,-0.8746574535221212,-9.450014050046452
283,2024-01-12 18:00:00,B,-1.24417047360056,-5.301939616786024,-0.7781614767798506,4.839253185887134
284,2024-01-12 19:00:00,A,-4.06018060159131,2.1830137038449235,-0.5803016207897469,-12.392213457597636
285,2024-01-12 20:00:00,B,0.7828014099617402,2.492170384995258,-0.4806531664144841,-2.9012392474052207
286,2024-01-12 21:00:00,A,-4.640577262032579,-4.146780464816299,-0.5128783747316895,-3.845820677376312
287,2024-01-12 22:00:00,A,-0.3440198186753989,-0.6853751881606975,-0.49217801646005155,-1.0336448430600371
288,2024-01-12 23:00:00,A,0.4264463470757658,-0.7428817319915829,-0.5189339952046935,-0.4052704931588387
289,2024-01-13 00:00:00,C,-2.134587478717156,-2.8150233894356425,-0.7577036657532572,-1.320945854211221
290,2024-01-13 01:00:00,A,0.9083326056901075,-1.5556333751817506,-0.696154579569048,3.786571062421761
291,2024-01-13 02:00:00,A,-4.694997500609506,-2.2211516909316575,-1.234911228641633,-8.394373493162322
292,2024-01-13 03:00:00,B,ошибка,3.5045408868472454,-0.884989158175782,-15.202156645355581
293,2024-01-13 04:00:00,B,3.2260056065965834,1.8713567862949223,-1.2689518664521662,4.530082964900015
294,2024-01-13 05:00:00,A,-1.3980935858873709,2.5431101899883175,-1.383701535129339,-6.69475712960845
295,2024-01-13 06:00:00,A,-3.7293948734811524,1.4433441280864703,-1.020783525735377,-8.796891250559783
296,2024-01-13 07:00:00,A,0.2224326005480437,-2.2581035424344584,-0.606434608456778,3.7380007049150787
297,2024-01-13 08:00:00,C,2.6999355309861084,-1.0490405325595473,-0.6192850774897666,7.64551362180617
298,2024-01-13 09:00:00,A,-2.8417897250315685,0.9787491224558361,-1.1624725393344066,-8.805645895682204
299,2024-01-13 10:00:00,A,1.2289047581900023,-2.4442556177838908,-0.7245269521950509,4.900231114277815
300,2024-01-13 11:00:00,A,-4.14652535006232,1.4259968603447761,0.15662425820441905,-13.045886790215741
301,2024-01-13 12:00:00,A,-4.483182788313923,-0.48065079631627006,-0.10691250055469406,-7.144773908554898
302,2024-01-13 13:00:00,B,0.3135463156814797,-0.749641615099195,0.416846837874201,3.6253565041309987
303,2024-01-13 14:00:00,A,0.40635121610106495,1.421919936406983,0.9024233720452444,-1.151416020119419
304,2024-01-13 15:00:00,A,1.374299014982066,0.8885266229720795,0.6363482039881776,1.6709349522993198
305,2024-01-13 16:00:00,A,2.260913337226615,-0.7219323316381598,1.0720342330097332,5.708490444627295
306,2024-01-13 17:00:00,A,4.758520794625346,2.318659606728496,0.675594165342378,6.962181062909341
307,2024-01-13 18:00:00,A,0.1630034830119529,-2.1621266551997946,0.8602061244964111,5.382294393723968
308,2024-01-13 19:00:00,C,-1.7704352705875404,1.2318712138885275,1.0470896336871645,-6.293777628939181
309,2024-01-13 20:00:00,B,2.9518619476870365,1.1862025159367675,0.35199846799896567,4.8154574265103465
310,2024-01-13 21:00:00,C,-2.291677487379258,-0.6190928786279806,0.8343257187006015,-3.263926853575209
311,2024-01-13 22:00:00,C,-0.6102857929436389,0.652266044484236,0.5866256295871219,-1.6162757569772448
312,2024-01-13 23:00:00,B,-4.215436186577341,-2.502227152770606,0.6867482252598457,-3.669139062116605
313,2024-01-14 00:00:00,A,-4.746492565845425,1.848054038413802,0.5676076667907106,-11.999182494651805
314,2024-01-14 01:00:00,B,4.6264841467792515,-0.36980427288597806,0.9436992336853494,10.459047236429969
315,2024-01-14 02:00:00,C,3.359801205122059,-1.045446041038079,0.6546039199873517,8.597579440236478
316,2024-01-14 03:00:00,B,1.9597420609369802,2.0980184516737785,0.604505840127248,2.2263773182533724
317,2024-01-14 04:00:00,B,-0.9104705558573016,-1.4086873810855185,0.8985100022245497,1.4296579218208108
318,2024-01-14 05:00:00,A,-3.2670567992915425,-2.8169225927271193,1.140445545212152,-1.1757897355853233
319,2024-01-14 06:00:00,C,-3.4356295732891393,-3.1132583470478075,1.0699239745089208,-2.6163841674917134
320,2024-01-14 07:00:00,B,-2.497571018354047,1.2120199026912792,1.086210183375514,-6.322783487257755
321,2024-01-14 08:00:00,C,0.4922666470612045,-2.560858704992566,0.8088454358201856,6.371566860606581
322,2024-01-14 09:00:00,A,2.145959227000623,3.5095883639687293,0.6874202523144092,-0.3848313169763972
323,2024-01-14 10:00:00,A,1.6019737671773129,-4.163858815767444,0.25863317426056603,10.316173767003383
324,2024-01-14 11:00:00,A,-2.2006610305405716,3.3929127365800764,0.9381118126035888,-6.973689915540754
325,2024-01-14 12:00:00,B,4.5486528066319405,0.4220349344052368,-0.26318955750290973,9.292307634862514
326,2024-01-14 13:00:00,A,2.3789691669576847,-0.19342622374078478,-0.4111631153415579,4.812305514953042
327,2024-01-14 14:00:00,A,0.5435405251140066,-1.0898381736178995,-0.7136429427497216,1.6399347862593583
328,2024-01-14 15:00:00,C,1.1172074623435222,0.7982722287041417,-0.4800544597138486,-1.9005865821961454
329,2024-01-14 16:00:00,A,-0.8039993757221007,-0.07526940484969673,-1.0228773794484414,-2.4817814702012617
330,2024-01-14 17:00:00,C,-2.5226901049884254,2.206603764033043,-0.6697008653112229,-9.217059044092244
331,2024-01-14 18:00:00,A,-1.4402732134873841,0.2284552973240793,-1.2776621412815496,-3.8549928915907516
332,2024-01-14 19:00:00,C,2.578461104643691,0.3006035229237552,-0.9535673969747759,3.7892577803472407
333,2024-01-14 20:00:00,B,-4.856065113702441,,-1.196246345070885,-9.898675726256819
334,2024-01-14 21:00:00,C,-3.8392735949308374,-0.11389124744213491,-0.17990619110695139,-9.431034202091254
335,2024-01-14 22:00:00,C,-4.5399735797824725,0.6156035377841184,-1.0523604267867224,-11.785208636820567
336,2024-01-14 23:00:00,A,-4.592711976810299,-3.420336785313251,-0.49494884843490516,-3.974226813598088
337,2024-01-15 00:00:00,A,3.5546058401100726,-2.696370844211426,-0.32856037546004324,12.606827277301944
338,2024-01-15 01:00:00,A,2.036578593800237,1.48652818804543,-0.3767095968359172,1.4444718443179718
339,2024-01-15 02:00:00,B,-0.2582617091267476,0.3417308762558837,-0.5931094740377245,-1.175796238293377
340,2024-01-15 03:00:00,C,-4.021658393489985,-0.36796667270535827,-0.6611529829926205,-7.067811007363224
341,2024-01-15 04:00:00,A,-0.08384124883167665,0.03686786613078632,-0.7265186377000868,-1.615093143219852
342,2024-01-15 05:00:00,B,-0.2652822921943434,0.6951634107233421,-0.9122226695087892,-1.936273792795289
343,2024-01-15 06:00:00,A,-3.267981300899848,-1.079519360618723,-0.6932786461316336,-6.211796584109076
344,2024-01-15 07:00:00,C,-0.6614835076202699,-1.5566094508046253,-0.3946011969282881,1.561090641914779
345,2024-01-15 08:00:00,C,-1.0149526560262654,0.3916905101953631,-1.240375796902012,-3.4583386669154526
346,2024-01-15 09:00:00,A,1.1585009805221649,-1.956745555230064,-1.4255929498752766,4.410097747970645
347,2024-01-15 10:00:00,A,1.3509365086764378,0.8165055114289437,-0.904099272414631,-0.028763265140833716
348,2024-01-15 11:00:00,A,-4.546959902279555,-3.4051672084756808,0.10655554680024226,-3.193892194794611
349,2024-01-15 12:00:00,B,-1.2538738537352878,2.0583112746512873,-0.6398476682806526,-4.022379832841013
350,2024-01-15 13:00:00,B,1.2585991571423634,0.945194964826086,0.39742857245025365,0.40943702957759465
351,2024-01-15 14:00:00,A,0.03136258580087681,0.5120594686277513,0.722013043231021,-0.4675126044025803
352,2024-01-15 15:00:00,A,3.564898411883222,1.9653819678910278,0.3458159854709129,4.689984134474725
353,2024-01-15 16:00:00,A,1.5869363161894503,3.3309488889251533,0.9301875611850412,-0.29199444006497977
354,2024-01-15 17:00:00,B,-3.370655729185703,2.028740130036261,1.4302597341345058,-9.199760151407661
355,2024-01-15 18:00:00,B,-4.294312525995702,,0.933689873673477,-5.152080749200426
356,2024-01-15 19:00:00,A,1.4241927820631561,-2.559153933471403,1.014177320064699,8.8576478145492
357,2024-01-15 20:00:00,B,-4.734886894583782,-1.2496371553913577,0.8592761355839101,-6.147391028029256
358,2024-01-15 21:00:00,B,0.8577558127346325,0.05218210042166757,0.635625398292518,0.40279126298411305
359,2024-01-15 22:00:00,A,4.402302414249576,1.035318040938246,0.622209278632865,7.141826398218518
360,2024-01-15 23:00:00,A,0.75474177875879,-1.4514876263069312,0.3228453525774277,5.513173708567245
361,2024-01-16 00:00:00,B,-1.118300737934781,0.37353352895415665,0.5935972286722084,-0.8742275679051641
362,2024-01-16 01:00:00,C,1.4328821844235318,-1.510765864706645,0.2855240172338695,6.298972402373071
363,2024-01-16 02:00:00,A,-0.41747109508483327,-1.2230356059838965,0.5715393428100006,1.2807302590943164
364,2024-01-16 03:00:00,A,0.4561678931593498,-2.8133221936964445,0.07394242848582483,5.274460438464536
365,2024-01-16 04:00:00,A,4.414648087765251,-1.8464664922218086,0.7267243596392304,12.049449596448472
366,2024-01-16 05:00:00,B,-1.1389736219922577,-2.7033692112326673,0.9960835724812307,3.7022132141183075
367,2024-01-16 06:00:00,A,4.611905638239142,-1.9517465059546655,0.276267286343178,11.496602457989713
368,2024-01-16 07:00:00,A,4.053506419560637,2.107283593215679,1.099547254886585,5.0199255983228195
369,2024-01-16 08:00:00,B,-3.0420886521070356,-1.898797777663886,1.4283995847406292,-1.082986383089723
370,2024-01-16 09:00:00,B,-4.3063869912483455,5.264764129674782,0.7091449801409566,-15.986965648407661
371,2024-01-16 10:00:00,A,-3.9922199862257335,0.9866358017617785,1.5114343534286605,-6.876778836897398
372,2024-01-16 11:00:00,A,-4.8177817434845025,0.3696722473897478,0.9944594240818662,-10.06601652576868
373,2024-01-16 12:00:00,B,-4.055570392440716,-1.7167155603624271,0.443648687416035,-5.235926854743788
374,2024-01-16 13:00:00,A,1.8300677341635687,1.4006197588179827,0.3674305142133228,0.9307372566268681
375,2024-01-16 14:00:00,A,-4.28811351539771,-1.1512756524755479,0.2461199328342236,-6.645054924391153
376,2024-01-16 15:00:00,C,-1.8102436970623872,0.24401962929072288,-0.21126232067095665,-5.634073631596423
377,2024-01-16 16:00:00,A,3.448753109694545,5.120169076537589,-0.36392210925566315,-1.5615185037767876
378,2024-01-16 17:00:00,B,-4.767280642641741,-0.19211979944929974,-1.0464903883051748,-11.519827761681789
379,2024-01-16 18:00:00,C,3.1446848258893585,2.2985466525713516,-0.8980872720046605,2.817003088509219
380,2024-01-16 19:00:00,A,-2.1814522522660007,-1.4063528502517748,-1.4747505025646033,-2.7165862914463705
381,2024-01-16 20:00:00,A,-3.8183517237834375,-0.0699769809939234,-1.1080806921050237,-10.148465260244354
382,2024-01-16 21:00:00,B,1.9673716536415062,3.54160127127102,-1.3013355774807736,-1.0848413161075632
383,2024-01-16 22:00:00,C,1.2894284677988397,-1.2539341155755348,-1.1550477298627255,6.033135051490655
384,2024-01-16 23:00:00,C,3.7747201352705293,3.6248971159938574,-0.43969669662599603,1.8063436259858163
385,2024-01-17 00:00:00,B,2.350710438038858,1.4155038709109509,-0.35663270444342626,1.6517446459319034
386,2024-01-17 01:00:00,A,3.034809303848485,,-0.3962089750601163,10.264382346334727
387,2024-01-17 02:00:00,B,-2.179654274286935,,-0.8421636862652724,-8.249231213055163
388,2024-01-17 03:00:00,A,-3.225604562202772,1.9451088992534598,-0.5970184431065968,-9.826380760901912
389,2024-01-17 04:00:00,A,2.506147516408584,1.2436199244343928,-0.18009019492102424,3.1824152628606823
390,2024-01-17 05:00:00,A,3.0683473926726403,-3.140449439780913,-0.5902796258157066,11.7202928648165
391,2024-01-17 06:00:00,A,4.905051420006734,-1.4542743516497372,-0.05661400206647815,12.305962140961679
392,2024-01-17 07:00:00,B,-0.8738232308857352,-0.4950372711030095,-0.7626198874002649,-2.1138203608256196
393,2024-01-17 08:00:00,A,-1.279819142072168,-0.14886685820009257,-0.9345021505472764,-4.035124087669975
394,2024-01-17 09:00:00,A,2.764129607419968,1.241344195101356,-1.1550210215359853,2.400404284712979
395,2024-01-17 10:00:00,A,-1.5919645974698216,0.35540200186650767,-1.0306962949082112,-5.548516594611118
396,2024-01-17 11:00:00,C,4.3075732560356474,-2.6706887174202025,-1.0502157030463395,11.82883234554921
397,2024-01-17 12:00:00,B,3.584127518430119,0.7603957020119264,-0.6472764465982626,4.945644146703251
398,2024-01-17 13:00:00,A,-0.710059726249817,1.2211714905676463,-0.3557914685443851,-5.0305476564763625
399,2024-01-17 14:00:00,A,2.5087106779149737,1.1195808958620797,-0.6052866784822336,4.108966457625945
400,2024-01-17 15:00:00,A,2.5454287408468232,2.1615614511092436,-0.46228906880037374,0.9810115265604424
401,2024-01-17 16:00:00,C,-3.968761311640674,1.6678443090978081,-0.30149013032973104,-11.948617996167158
402,2024-01-17 17:00:00,B,4.0255290667956665,0.9183601584568734,0.6914845860154892,7.058446430230872
403,2024-01-17 18:00:00,B,0.05252372447857123,-0.14033142291729406,0.44990683868364684,0.7438416202476599
404,2024-01-17 19:00:00,B,3.2645746610774165,-3.321921867031983,0.3099888425759181,10.01355647118451
405,2024-01-17 20:00:00,A,-1.7995039896938825,0.8592364382651717,1.1702214499748076,-3.6200378096799133
406,2024-01-17 21:00:00,C,3.9552322849620047,0.4153753743262223,1.8219008378454022,7.697764610020732
407,2024-01-17 22:00:00,B,-1.107983212658369,0.5431576743907469,1.0245956106365817,-0.4999976392028056
408,2024-01-17 23:00:00,A,-4.891623485197016,-2.553497151640619,1.180201594586653,-4.484879455187047
409,2024-01-18 00:00:00,A,4.053819764192637,-2.1621130808165248,0.8285992733181126,11.613788578155235
410,2024-01-18 01:00:00,B,-4.087133232138664,2.106305706665807,0.648411747613422,-11.56016339650265
411,2024-01-18 02:00:00,C,-1.8068636240958513,-0.07911030771331008,0.8503546894869258,-2.919745742595821
412,2024-01-18 03:00:00,A,4.5006196705080495,1.3630013947452488,0.42547360555843367,7.909906874928262
413,2024-01-18 04:00:00,C,4.506071469375561,0.056636752260922345,0.5831437272669854,9.368208663588128
414,2024-01-18 05:00:00,B,0.7343788812328613,0.05951227899149038,0.6439561728597334,1.677495475129417
415,2024-01-18 06:00:00,A,1.3183721216979922,,0.4377804058514829,0.23048744096707335
416,2024-01-18 07:00:00,A,-0.5155447802168025,-1.0320894564347478,1.0564356512974293,0.7583342140195055
417,2024-01-18 08:00:00,A,-2.0678922830193547,0.19224155388196673,0.8343126829001849,-4.099902677384549
418,2024-01-18 09:00:00,B,-1.7133545463008404,-0.924550577410085,0.7700757049059449,-3.509615101466802
419,2024-01-18 10:00:00,A,1.7251845607703844,-0.8689924548646312,1.2252704422810343,6.707800388514911
420,2024-01-18 11:00:00,A,2.5237452943768,-0.6183442469372787,0.7997505851845248,6.9136052076289
421,2024-01-18 12:00:00,B,2.915790437258485,0.4442675432674257,1.0075428777072208,5.197758017748178
422,2024-01-18 13:00:00,B,2.896181427945539,-0.9574972433269546,0.8477463363923845,9.805540771350655
423,2024-01-18 14:00:00,A,-4.087938969513097,2.5115122511470416,0.956078169639218,-11.091267299642993
424,2024-01-18 15:00:00,A,-0.05579695297418574,-1.7892146044390078,0.4971438372158623,1.9337994985076332
425,2024-01-18 16:00:00,A,-4.424412399833557,-0.3737432883227181,0.03969395850883027,-7.399717278905514
426,2024-01-18 17:00:00,B,0.4952888232373551,-0.8794621165483498,-0.019292066040015488,2.692385384974485
427,2024-01-18 18:00:00,C,-0.5846949862662303,2.8939557687074657,-0.1354421533845261,-5.22409736281706
428,2024-01-18 19:00:00,A,3.877041827582998,0.39310955302314926,-0.624033160235092,6.239437192791607
429,2024-01-18 20:00:00,C,-1.4908498744792134,2.0636890789372697,-0.9595157570076989,-6.394350249192456
430,2024-01-18 21:00:00,B,-3.829329835723941,-2.971120746073944,-1.4500147829009742,-4.62374866887884
431,2024-01-18 22:00:00,B,-3.5700831794716414,0.5341005317385177,-1.392651599063261,-8.499496984155828
432,2024-01-18 23:00:00,B,2.615106317174723,1.779261591246874,-1.1141112675584817,-0.23491322057829
433,2024-01-19 00:00:00,A,1.182180633162611,0.16456797855084837,-1.1057060828629066,0.7990709692294351
434,2024-01-19 01:00:00,A,-3.9887732387720973,2.1309607501307024,-0.853664588981031,-10.134764176116878
435,2024-01-19 02:00:00,B,-4.158931938850026,-1.0345769002007443,-0.6551939511194952,-8.057221143694832
436,2024-01-19 03:00:00,B,2.0096913145911994,2.81869488037116,-0.41151032628216055,-1.141706249893256
437,2024-01-19 04:00:00,B,-4.272369936358064,4.5977962472385006,-0.5319248142738956,-16.314935433442972
438,2024-01-19 05:00:00,A,3.218600592903563,-0.7256771208793181,-0.35794307915289436,6.024556267915145
439,2024-01-19 06:00:00,C,2.0624222715649623,-0.8910050428015436,-0.5316492282490962,2.827751948504711
440,2024-01-19 07:00:00,B,-4.186512193581002,2.906768954235402,-1.2363362850302972,-13.952833245062958
441,2024-01-19 08:00:00,A,-4.15162285914808,3.1591442914614247,-1.0470526568270158,-13.743744856868254
442,2024-01-19 09:00:00,A,4.866395785011754,-1.0457200543065366,-0.9361671226304045,10.499932884840337
443,2024-01-19 10:00:00,B,-1.257292042438797,-0.8403736341917145,-1.3642829027472547,-2.490328517735713
444,2024-01-19 11:00:00,B,-1.293578529331091,-0.5635692177210144,-0.8862123415061652,-2.407732234435205
445,2024-01-19 12:00:00,A,3.1279956725750253,-2.688901022068554,-0.6084082124396607,10.825457779851916
446,2024-01-19 13:00:00,C,4.472485773838587,-1.8373038929683965,-0.627875611601096,11.008180711919675
447,2024-01-19 14:00:00,A,4.860010638228708,-2.0082815335041357,-0.9051069924887045,11.434275405635388
448,2024-01-19 15:00:00,A,2.5337818525894162,-1.5355951302082569,-0.1704589465107445,6.953463758394536
449,2024-01-19 16:00:00,C,-1.2374041446908421,-0.06936977477356236,-0.295297870520285,-2.027645163880793
450,2024-01-19 17:00:00,C,-4.164992833013312,,-0.13259985143623976,-7.726682866241928
451,2024-01-19 18:00:00,B,2.7714691592743677,3.1010009856281537,0.09579110699508786,0.3399259865333969
452,2024-01-19 19:00:00,C,0.58404249735805,-1.996708081477582,0.47505684909413615,4.642126383236666
453,2024-01-19 20:00:00,A,-0.7577799075302369,1.9686447969531675,0.6852116998553484,-3.5820002086699874
454,2024-01-19 21:00:00,C,4.06354385094736,-0.4279776884510179,1.020316309217713,8.592729275216593
455,2024-01-19 22:00:00,A,-3.888025176938487,-0.0989274193048659,1.1072571160659508,-6.721436364853996
456,2024-01-19 23:00:00,A,-0.07374895709140894,1.3496389843332075,1.0729780304474585,-2.7792478236667577
457,2024-01-20 00:00:00,A,-4.886463552325809,-2.2454440431245972,1.1496283374145706,-7.254108673772464
458,2024-01-20 01:00:00,A,-0.3133935800587375,0.7648194923681012,1.2741799822777549,-0.38792600495516594
459,2024-01-20 02:00:00,A,-4.436967243181627,0.3329044164261122,1.0759622829086557,-8.896396026006279
460,2024-01-20 03:00:00,A,-3.8118208373192806,0.9849025280162982,0.22088995994444172,-8.722003091086236
461,2024-01-20 04:00:00,A,-3.8247375322289514,0.5783372878156362,-0.19986479029480275,-8.694767805425549
462,2024-01-20 05:00:00,A,1.492103021160636,4.9106002798217885,0.7894242648064722,-4.72655501423003
463,2024-01-20 06:00:00,B,2.4604487926542333,-1.275479968502632,0.09493448334956273,6.864810822777729
464,2024-01-20 07:00:00,A,0.833687650971596,-1.0619939100036353,0.48722244723628944,2.4170428197228215
465,2024-01-20 08:00:00,A,4.6217254847454186,-1.2462810528495287,0.29822457154857296,12.74242456400539
466,2024-01-20 09:00:00,B,-1.2512942047629592,-1.1109542383205093,0.23110289881424662,-2.007245077853721
467,2024-01-20 10:00:00,C,-2.1428791371813927,-1.2747742546130354,1.0614715657707803,-1.7202049107951893
468,2024-01-20 11:00:00,B,3.6859912818946032,2.3780330622151036,1.233586237564312,3.749530372470752
469,2024-01-20 12:00:00,A,-2.764041614805474,2.8410084959797097,0.8949512761952855,-8.503213779263488
470,2024-01-20 13:00:00,B,4.632225394406113,-1.1414925874989525,0.28847232238145815,10.876036156684318
471,2024-01-20 14:00:00,A,-4.878455253101837,-1.6647111462084574,0.8238485865464809,-7.119431637275014
472,2024-01-20 15:00:00,A,4.69878826707639,0.9428311127728082,0.9490280509646698,9.595753850816859
473,2024-01-20 16:00:00,A,-4.568400880494239,-1.1044460885619425,0.1612331370768747,-7.321715526806512
474,2024-01-20 17:00:00,C,3.9114311369807115,1.2658636355110215,0.3799923533596907,6.7447051493186105
475,2024-01-20 18:00:00,A,0.2770110908629988,0.4058460417025994,0.01114588434460589,-1.0271561098696815
476,2024-01-20 19:00:00,A,4.9296479611930035,-3.031488229994464,-0.12115044810644632,12.904790964965038
477,2024-01-20 20:00:00,A,-4.262034352646012,3.0950104026601233,-0.5430902871710376,-13.493848576978905
478,2024-01-20 21:00:00,C,0.5385428440132074,3.5917553461910434,-1.1037011794164906,-5.512354630288074
479,2024-01-20 22:00:00,B,4.69302535619099,-1.2255773809687724,-0.6165936883136582,11.357576505638157
480,2024-01-20 23:00:00,A,0.23097844170148818,-0.7754031198719683,-1.1090704630718378,0.6578967400909088
481,2024-01-21 00:00:00,B,1.2939863813526253,0.5717307814498099,-1.0790343675024325,1.0722244357632196
482,2024-01-21 01:00:00,B,1.9574868898461713,0.66891357997405,-1.2944090821923224,0.2526936140361662
483,2024-01-21 02:00:00,B,-0.4545893523222677,1.3170885453456609,-1.0440432558230022,-1.8316091877071718
484,2024-01-21 03:00:00,A,1.2755808008406344,4.020409077532699,-1.0500629973054776,-4.483744397494194
485,2024-01-21 04:00:00,C,0.8431431192310024,,-0.7124764486842843,2.3447337323359245
486,2024-01-21 05:00:00,A,4.011580104909889,-1.5965944890769075,-0.04880125768409471,9.542919267068237
487,2024-01-21 06:00:00,B,-4.545536196585421,-2.7586384560290544,-0.9191863815841366,-5.380453912177229
488,2024-01-21 07:00:00,A,-2.190368104077697,-1.4618600798838381,-0.9903075196205477,-4.283036867550821
489,2024-01-21 08:00:00,A,4.504114840765588,-0.06625394574759419,-0.11707562221825746,9.466017940637633
490,2024-01-21 09:00:00,A,3.902637838909163,3.5891157270355754,-0.7176885595456979,1.4914771552425723
491,2024-01-21 10:00:00,B,-0.4434324721428702,-1.0352225980723428,-0.9788766144257357,-0.08794183478224725
492,2024-01-21 11:00:00,A,1.2013259780153671,0.447575903277797,-0.5931016544919453,1.9547808076505797
493,2024-01-21 12:00:00,B,-2.2261881701886734,-0.03284579214550415,-1.1918766954141218,-6.589149319710668
494,2024-01-21 13:00:00,A,-3.118788402762387,2.376786546896168,-0.5216528314794527,-10.904570621665385
495,2024-01-21 14:00:00,B,-0.3630159506001789,5.053864851747243,-0.8603669189685716,-8.537798432909314
496,2024-01-21 15:00:00,C,-1.4664777197394718,-1.0617375458406413,-1.1281155381095247,-0.14462007665885457
497,2024-01-21 16:00:00,B,0.8365611185087207,-0.9788788850364443,-0.1745292972814445,2.8637347920854705
498,2024-01-21 17:00:00,B,-4.222653630350152,2.088321754138144,-0.7737160640721776,-11.60562662524133
499,2024-01-21 18:00:00,B,4.743948076661665,1.3637829792526228,-0.08736790699327826,7.2653558889912935
500,2024-01-21 19:00:00,A,4.862107444796029,3.693414651472067,0.08978777412193435,6.198168726437805
